<?xml version="1.0" encoding="UTF-8"?>
<project-private xmlns="http://www.netbeans.org/ns/project-private/1">
    <data xmlns="http://www.netbeans.org/ns/make-project-private/1">
        <activeConfTypeElem>1</activeConfTypeElem>
        <activeConfIndexElem>0</activeConfIndexElem>
    </data>
    <editor-bookmarks xmlns="http://www.netbeans.org/ns/editor-bookmarks/2" lastBookmarkId="0"/>
    <open-files xmlns="http://www.netbeans.org/ns/projectui-open-files/2">
        <group>
            <file>file:/D:/Users/2790755/Documents/GitHub/cis-17a/Homework/Chapter%209%20Gaddis%20Pointers-Dynamic%20Memory%20and%20Truth%20Table/Q2%20Median%20Dynamic%20Memory%20Allocation/main.cpp</file>
        </group>
    </open-files>
</project-private>
